{[ 
"time":0, "dir":[0, 0],
"time":1, "dir":[0, 0],
"time":220, "dir":[1, 0],
"time":11, "dir":[0, 0],
"time":31, "dir":[-4.371139E-08, -1],
"time":21, "dir":[0, 0],
"time":46, "dir":[-4.371139E-08, 1],
"time":20, "dir":[0, 0],
"time":1, "dir":[-4.371139E-08, 1],
"time":47, "dir":[-0.7071068, 0.7071068],
"time":71, "dir":[-1, -8.742278E-08],
"time":36, "dir":[-0.7071068, 0.7071068],
"time":85, "dir":[-4.371139E-08, 1],
"time":5, "dir":[0.7071068, 0.7071068],
"time":41, "dir":[1, 0],
"time":3, "dir":[0, 0],
"time":43, "dir":[-1, -8.742278E-08],
"time":66, "dir":[-0.7071068, -0.7071068],
"time":95, "dir":[-4.371139E-08, -1],
"time":110, "dir":[0.7071068, -0.7071068],
"time":5, "dir":[-4.371139E-08, -1],
"time":2, "dir":[-0.7071068, -0.7071068],
"time":17, "dir":[-1, -8.742278E-08],
"time":11, "dir":[-0.7071068, 0.7071068],
"time":49, "dir":[-4.371139E-08, 1],
"time":35, "dir":[-0.7071068, 0.7071068],
"time":66, "dir":[-4.371139E-08, 1],
"time":31, "dir":[-0.7071068, 0.7071068],
"time":18, "dir":[-4.371139E-08, 1],
"time":18, "dir":[0, 0],
"time":13, "dir":[-4.371139E-08, -1],
"time":60, "dir":[-0.7071068, -0.7071068],
"time":59, "dir":[-4.371139E-08, -1],
"time":22, "dir":[0.7071068, -0.7071068],
"time":6, "dir":[-4.371139E-08, -1],
"time":9, "dir":[-0.7071068, -0.7071068],
"time":21, "dir":[-1, -8.742278E-08],
"time":3, "dir":[-0.7071068, 0.7071068],
"time":21, "dir":[-4.371139E-08, 1],
"time":90, "dir":[0.7071068, 0.7071068],
"time":2, "dir":[1, 0],
"time":7, "dir":[0.7071068, 0.7071068],
"time":14, "dir":[1, 0],
"time":22, "dir":[0.7071068, 0.7071068],
"time":11, "dir":[-4.371139E-08, 1],
"time":13, "dir":[-0.7071068, 0.7071068],
"time":8, "dir":[-1, -8.742278E-08],
"time":15, "dir":[0, 0],
"time":16, "dir":[-1, -8.742278E-08],
"time":33, "dir":[-0.7071068, -0.7071068],
"time":64, "dir":[-4.371139E-08, -1],
"time":26, "dir":[-0.7071068, -0.7071068],
"time":2, "dir":[-4.371139E-08, -1],
"time":19, "dir":[0, 0],
]}
